[navigation]
Home | /cap/
Gallery | /cap/gallery/
Aragornbird | /cap/gallery/featured/aragornbird
Cartoons | /cap/gallery/featured/cartoons
CyzirVisheen | /cap/gallery/featured/cyzirvisheen
DougJustDoug | /cap/gallery/featured/dougjustdoug
KoA | /cap/gallery/featured/koa
Wyverii | /cap/gallery/featured/wyverii
Yilx | /cap/gallery/featured/yilx